{"_step":50,"model/parameters":11157272,"metrics/mAP50(B)":0.9450048031812879,"train/dfl_loss":1.0306,"_runtime":5890.0256394,"metrics/recall(B)":0.8984289747757155,"val/box_loss":0,"train/cls_loss":0.47578,"val/cls_loss":Infinity,"val/dfl_loss":0,"model/speed(ms)":5.316,"train/box_loss":0.39392,"metrics/precision(B)":0.8870763380004375,"_wandb":{"runtime":5890},"lr/pg1":0.0004960000000000005,"lr/pg0":0.0004960000000000005,"lr/pg2":0.0004960000000000005,"_timestamp":1.7317412380226936e+09,"metrics/mAP50-95(B)":0.855875643621816,"model/GFLOPs":28.765}